<?xml version="1.0"?>
<doc>
    <assembly>
        <name>Topshelf.NLog</name>
    </assembly>
    <members>
        <member name="T:Topshelf.Logging.NLogLogWriter">
            <summary>
              A logger that wraps to NLog. See http://stackoverflow.com/questions/7412156/how-to-retain-callsite-information-when-wrapping-nlog
            </summary>
        </member>
        <member name="M:Topshelf.Logging.NLogLogWriter.#ctor(NLog.Logger,System.String)">
            <summary>
              Create a new NLog logger instance.
            </summary>
            <param name="log"> </param>
            <param name="name"> Name of type to log as. </param>
        </member>
        <member name="T:Topshelf.NLogConfiguratorExtensions">
            <summary>
              Extensions for configuring NLog with MassTransit
            </summary>
        </member>
        <member name="M:Topshelf.NLogConfiguratorExtensions.UseNLog(Topshelf.HostConfigurators.HostConfigurator)">
            <summary>
              Specify that you want to use the NLog logging framework.
            </summary>
            <param name="configurator"> Optional service bus configurator </param>
        </member>
        <member name="M:Topshelf.NLogConfiguratorExtensions.UseNLog(Topshelf.HostConfigurators.HostConfigurator,NLog.LogFactory)">
            <summary>
              Specify that you want to use the NLog logging framework.
            </summary>
            <param name="configurator"> Optional service bus configurator </param>
            <param name="factory"> Required log-producing factory from NLog </param>
        </member>
    </members>
</doc>
